INSERT INTO
	CONTRIBUTORS (id, nama, jenis_kelamin, kewarganegaraan)
VALUES
	(
		'723e4567-e89b-12d3-a456-426655440006',
		'Steven Spielberg',
		0,
		'USA'
	),
	(
		'523e4567-e89b-12d3-a456-426655440004',
		'Christopher Nolan',
		0,
		'UK'
	),
	(
		'323e4567-e89b-12d3-a456-426655440002',
		'James Cameron',
		0,
		'Canada'
	),
	(
		'423e4567-e89b-12d3-a456-426655440003',
		'Quentin Tarantino',
		0,
		'USA'
	),
	(
		'623e4567-e89b-12d3-a456-426655440005',
		'Guillermo del Toro',
		0,
		'Mexico'
	),
	(
		'823e4567-e89b-12d3-a456-426655440007',
		'Martin Scorsese',
		0,
		'USA'
	),
	(
		'923e4567-e89b-12d3-a456-426655440008',
		'Tim Burton',
		0,
		'USA'
	),
	(
		'a23e4567-e89b-12d3-a456-426655440009',
		'Ridley Scott',
		0,
		'UK'
	),
	(
		'b23e4567-e89b-12d3-a456-426655440010',
		'Peter Jackson',
		0,
		'New Zealand'
	),
	(
		'c23e4567-e89b-12d3-a456-426655440011',
		'Spike Lee',
		0,
		'USA'
	),
	(
		'd23e4567-e89b-12d3-a456-426655440012',
		'Steven Soderbergh',
		0,
		'USA'
	),
	(
		'e23e4567-e89b-12d3-a456-426655440013',
		'Clint Eastwood',
		0,
		'USA'
	),
	(
		'f23e4567-e89b-12d3-a456-426655440014',
		'David Fincher',
		0,
		'USA'
	),
	(
		'245c7aba-8674-400c-8eae-b5f4c9ee04ab',
		'George Lucas',
		0,
		'USA'
	),
	(
		'80b1a36f-9955-487c-a7cd-4f9033809ce4',
		'Woody Allen',
		0,
		'USA'
	),
	(
		'8cbed6fc-7305-429f-b4f7-4741be1ac476',
		'Alfred Hitchcock',
		0,
		'UK'
	),
	(
		'11e854af-857a-4d64-970d-338fbdddd976',
		'Quentin Tarantino',
		0,
		'USA'
	),
	(
		'9e75bd25-1fa4-4f4b-b592-de1500d6816f',
		'Francis Ford Coppola',
		0,
		'USA'
	),
	(
		'd49d1fda-d7e8-4f92-b33f-eba2ba0563b8',
		'David Lynch',
		0,
		'USA'
	),
	(
		'a80d44b9-7908-40a0-9e98-4e296a248e0d',
		'Akira Kurosawa',
		0,
		'Japan'
	),
	(
		'96574f14-dd5c-48ea-adc5-b4e72f6545fb',
		'Stanley Kubrick',
		0,
		'USA'
	),
	(
		'a5f1d15d-7c76-4aa3-bb10-04f4a7f831c4',
		'Hayao Miyazaki',
		0,
		'Japan'
	),
	(
		'64ce7a2d-326c-47e8-a350-43689b21a363',
		'Wes Anderson',
		0,
		'USA'
	),
	(
		'323b5fe6-872d-4d42-aa2e-f8d132230c41',
		'Roman Polanski',
		0,
		'France'
	),
	(
		'ba15d869-03d6-4cd5-9e25-61e5f8d49650',
		'Michael Bay',
		0,
		'USA'
	),
	(
		'02333a0e-f300-4cb3-b5fe-dcdb1623a09d',
		'Christopher McQuarrie',
		0,
		'USA'
	),
	(
		'71651607-ca8f-47a8-bf40-51c2601aa2aa',
		'Akiva Goldsman',
		0,
		'USA'
	),
	(
		'9548f4d3-8d30-4794-bf62-da40acaeb2a7',
		'Ethan Coen',
		0,
		'USA'
	),
	(
		'45d2c27d-cc26-458e-91ed-f59b80eb336e',
		'Joel Coen',
		0,
		'USA'
	),
	(
		'61d4883c-95a0-4fb6-ad6c-e73ff69f98ab',
		'Gus Van Sant',
		0,
		'USA'
	),
	(
		'20424e69-14e1-4146-a5fd-f985dce32e11',
		'David O. Russell',
		0,
		'USA'
	),
	(
		'bc3b7bd0-fce8-4d00-8194-db108c22ef9c',
		'Steven Soderbergh',
		0,
		'USA'
	),
	(
		'5ca59993-5ae2-43a4-a991-40bc66bb2915',
		'Steven Spielberg',
		0,
		'USA'
	),
	(
		'152cbde2-496a-4d44-a2fb-932d0d8cfba0',
		'Michael Mann',
		0,
		'USA'
	),
	(
		'3623e5f2-3f50-4eab-8663-2387f1b4a348',
		'Quentin Tarantino',
		0,
		'USA'
	),
	(
		'7060d067-8092-48fb-90ab-9ec77434cae4',
		'Woody Allen',
		0,
		'USA'
	),
	(
		'e5c1b9f7-73ef-41a2-b9ca-17c60d594334',
		'John Carpenter',
		0,
		'USA'
	),
	(
		'0ac387a0-3db4-4ccd-95b5-2a8bfa90bd60',
		'Spike Lee',
		0,
		'USA'
	),
	(
		'7872d5f2-acef-4a9a-80fa-b06d743f094f',
		'Werner Herzog',
		0,
		'Germany'
	),
	(
		'd8829fc4-0aae-467d-b1fd-1a7c6aed3829',
		'Paul Thomas Anderson',
		0,
		'USA'
	),
	(
		'debc6d5c-6e6e-44f7-9ea8-79172f1a2699',
		'Robert Zemeckis',
		0,
		'USA'
	),
	(
		'a9d80275-3cbf-4ab2-9136-3bdca5dcd85a',
		'Sam Raimi',
		0,
		'USA'
	),
	(
		'8052eb5d-2c8b-462c-ac53-3077f80d66fe',
		'Ang Lee',
		0,
		'Taiwan'
	),
	(
		'16e551d8-41ce-4ce5-8851-a67426b0816b',
		'Mel Gibson',
		0,
		'USA'
	),
	(
		'a87a08b1-9949-409c-a986-698759670628',
		'Oliver Stone',
		0,
		'USA'
	),
	(
		'71e6bffe-af5d-4278-beb3-4d645a6a2f64',
		'David Cronenberg',
		0,
		'Canada'
	),
	(
		'690589a8-e7df-4391-b229-d226d4bde1a4',
		'Francis Ford Coppola',
		0,
		'USA'
	),
	(
		'044fceb4-ee0f-4775-8820-94321885b2fe',
		'Alfonso Cuarón',
		0,
		'Mexico'
	),
	(
		'7dc73827-eae9-403d-9562-ef2392a9da3f',
		'Barry Levinson',
		0,
		'USA'
	),
	(
		'1e15b4a9-f8e5-416b-8206-569aee1b2589',
		'Terry Gilliam',
		0,
		'UK'
	),
	(
		'11a218d7-3958-422b-80fb-34f0d95d9ae2',
		'Richard Linklater',
		0,
		'USA'
	),
	(
		'd2ec6cb3-f00b-41a0-94e9-14c855092b8f',
		'Guy Ritchie',
		0,
		'UK'
	),
	(
		'a167c172-e6e7-409b-b1d4-ffd24bf69adb',
		'David Lynch',
		0,
		'USA'
	),
	(
		'10801eea-1ee0-45f5-8496-837725e4e230',
		'Quentin Tarantino',
		0,
		'USA'
	),
	(
		'6238a79b-7f63-4257-afbc-b7b2969508fc',
		'Jim Jarmusch',
		0,
		'USA'
	),
	(
		'42eed296-4e6b-4c15-babb-9435ffd12b1d',
		'Martin Scorsese',
		0,
		'USA'
	),
	(
		'38b17e4b-873a-4808-ba90-44553f3265f4',
		'Sofia Coppola',
		1,
		'USA'
	),
	(
		'8949a560-5437-4ba2-811e-121c9adc847d',
		'George Clooney',
		0,
		'USA'
	),
	(
		'67cd6f3f-b11a-4f6e-b846-3451e7bc4ba7',
		'Lars von Trier',
		0,
		'Denmark'
	),
	(
		'a87b3ced-450e-4385-9f19-f9b1bd736c38',
		'Rob Reiner',
		0,
		'USA'
	),
	(
		'5835e19b-55ea-49ce-885e-9485df9cfda2',
		'Akira Kurosawa',
		0,
		'Japan'
	),
	(
		'7be6fac9-7fff-4b39-a885-e571c04656f9',
		'Wes Craven',
		0,
		'USA'
	),
	(
		'cea36e5a-4412-4eaa-a427-ed1282d3ebf5',
		'Federico Fellini',
		0,
		'Italy'
	),
	(
		'216f4b6e-0c29-4230-949b-106709e3cb15',
		'Orson Welles',
		0,
		'USA'
	),
	(
		'ca5ea5a0-9f56-4909-9450-80365c571fda',
		'Federico Fellini',
		0,
		'Italy'
	)
;

INSERT INTO
	SUTRADARA (id)
VALUES
	('723e4567-e89b-12d3-a456-426655440006'),
	('523e4567-e89b-12d3-a456-426655440004'),
	('323e4567-e89b-12d3-a456-426655440002'),
	('423e4567-e89b-12d3-a456-426655440003'),
	('623e4567-e89b-12d3-a456-426655440005'),
	('823e4567-e89b-12d3-a456-426655440007'),
	('923e4567-e89b-12d3-a456-426655440008'),
	('a23e4567-e89b-12d3-a456-426655440009'),
	('b23e4567-e89b-12d3-a456-426655440010'),
	('c23e4567-e89b-12d3-a456-426655440011')
;

INSERT INTO
	TAYANGAN (
		id,
		judul,
		sinopsis,
		asal_negara,
		sinopsis_trailer,
		url_video_trailer,
		release_date_trailer,
		id_sutradara
	)
VALUES
	(
		'123e4567-e89b-12d3-a456-426655440000',
		'The Great Adventure',
		'A thrilling adventure awaits!',
		'USA',
		'Join us on an epic journey.',
		'https://example.com/trailer1',
		'2024-05-01',
		'723e4567-e89b-12d3-a456-426655440006'
	),
	(
		'223e4567-e89b-12d3-a456-426655440001',
		'Love and Romance',
		'A heartwarming tale of love.',
		'UK',
		'Feel the love in the air.',
		'https://example.com/trailer2',
		'2024-05-10',
		'523e4567-e89b-12d3-a456-426655440004'
	),
	(
		'323e4567-e89b-12d3-a456-426655440002',
		'Space Odyssey',
		'Explore the depths of space.',
		'USA',
		'Discover new worlds beyond.',
		'https://example.com/trailer3',
		'2024-05-15',
		'423e4567-e89b-12d3-a456-426655440003'
	),
	(
		'423e4567-e89b-12d3-a456-426655440003',
		'Mystery Manor',
		'Unravel the secrets within.',
		'France',
		'What lies behind closed doors?',
		'https://example.com/trailer4',
		'2024-05-20',
		'623e4567-e89b-12d3-a456-426655440005'
	),
	(
		'523e4567-e89b-12d3-a456-426655440004',
		'The Last Stand',
		'Fight for survival.',
		'USA',
		'Courage in the face of adversity.',
		'https://example.com/trailer5',
		'2024-05-25',
		'323e4567-e89b-12d3-a456-426655440002'
	),
	(
		'623e4567-e89b-12d3-a456-426655440005',
		'City of Dreams',
		'Where dreams come true.',
		'Japan',
		'Make your dreams a reality.',
		'https://example.com/trailer6',
		'2024-06-01',
		'723e4567-e89b-12d3-a456-426655440006'
	),
	(
		'723e4567-e89b-12d3-a456-426655440006',
		'Action Heroes',
		'Unleash your inner hero.',
		'USA',
		'Action-packed adventures await.',
		'https://example.com/trailer7',
		'2024-06-10',
		'523e4567-e89b-12d3-a456-426655440004'
	),
	(
		'823e4567-e89b-12d3-a456-426655440007',
		'Sci-Fi Spectacular',
		'Prepare for the future.',
		'USA',
		'Explore the unknown.',
		'https://example.com/trailer8',
		'2024-06-15',
		'323e4567-e89b-12d3-a456-426655440002'
	),
	(
		'923e4567-e89b-12d3-a456-426655440008',
		'Fantasy Quest',
		'Embark on a magical journey.',
		'UK',
		'Enter a world of enchantment.',
		'https://example.com/trailer9',
		'2024-06-20',
		'423e4567-e89b-12d3-a456-426655440003'
	),
	(
		'a23e4567-e89b-12d3-a456-426655440009',
		'Comedy Club',
		'Laugh out loud!',
		'USA',
		'Get ready for some fun.',
		'https://example.com/trailer10',
		'2024-06-25',
		'523e4567-e89b-12d3-a456-426655440004'
	),
	(
		'b23e4567-e89b-12d3-a456-426655440010',
		'Drama Express',
		'Experience raw emotion.',
		'UK',
		'Tissues at the ready!',
		'https://example.com/trailer11',
		'2024-07-01',
		'323e4567-e89b-12d3-a456-426655440002'
	),
	(
		'c23e4567-e89b-12d3-a456-426655440011',
		'Horror Night',
		'Enter if you dare.',
		'USA',
		'Prepare for a fright.',
		'https://example.com/trailer12',
		'2024-07-10',
		'623e4567-e89b-12d3-a456-426655440005'
	),
	(
		'd23e4567-e89b-12d3-a456-426655440012',
		'Documentary Discovery',
		'Learn something new.',
		'UK',
		'Explore the world around us.',
		'https://example.com/trailer13',
		'2024-07-15',
		'423e4567-e89b-12d3-a456-426655440003'
	),
	(
		'e23e4567-e89b-12d3-a456-426655440013',
		'Family Fun',
		'Fun for all ages.',
		'USA',
		'Quality time for the family.',
		'https://example.com/trailer14',
		'2024-07-20',
		'723e4567-e89b-12d3-a456-426655440006'
	),
	(
		'f23e4567-e89b-12d3-a456-426655440014',
		'Romantic Getaway',
		'Love is in the air.',
		'France',
		'A tale of romance.',
		'https://example.com/trailer15',
		'2024-07-25',
		'523e4567-e89b-12d3-a456-426655440004'
	)
;

INSERT INTO
	GENRE_TAYANGAN (id_tayangan, genre)
VALUES
	('123e4567-e89b-12d3-a456-426655440000', 'Action'),
	(
		'223e4567-e89b-12d3-a456-426655440001',
		'Adventure'
	),
	('323e4567-e89b-12d3-a456-426655440002', 'Comedy'),
	('423e4567-e89b-12d3-a456-426655440003', 'Drama'),
	('523e4567-e89b-12d3-a456-426655440004', 'Fantasy'),
	('623e4567-e89b-12d3-a456-426655440005', 'Horror'),
	('723e4567-e89b-12d3-a456-426655440006', 'Romance'),
	('823e4567-e89b-12d3-a456-426655440007', 'Sci-Fi'),
	(
		'923e4567-e89b-12d3-a456-426655440008',
		'Thriller'
	),
	('a23e4567-e89b-12d3-a456-426655440009', 'Mystery'),
	('b23e4567-e89b-12d3-a456-426655440010', 'Crime'),
	(
		'c23e4567-e89b-12d3-a456-426655440011',
		'Animation'
	),
	('d23e4567-e89b-12d3-a456-426655440012', 'Family'),
	(
		'e23e4567-e89b-12d3-a456-426655440013',
		'Documentary'
	),
	(
		'f23e4567-e89b-12d3-a456-426655440014',
		'Biography'
	)
;

INSERT INTO
	PAKET (nama, harga, resolusi_layar)
VALUES
	('Basic', 99900, 'HD'),
	('Standard', 149900, 'Full HD'),
	('Premium', 219900, 'Ultra HD')
;

INSERT INTO
	PERUSAHAAN_PRODUKSI (nama)
VALUES
	('ABC Productions'),
	('XYZ Films'),
	('DreamWorks Studios'),
	('Golden Globe Pictures'),
	('Silver Screen Entertainment'),
	('Starlight Studios'),
	('Redwood Productions'),
	('Blue Sky Films'),
	('Sunset Studios'),
	('Moonlight Pictures'),
	('Evergreen Entertainment'),
	('Pacific Motion Pictures'),
	('Mountainview Studios'),
	('Oceanic Films'),
	('Greenwood Productions')
;

INSERT INTO
	PENGGUNA (username, PASSWORD, id_tayangan, negara_asal)
VALUES
	(
		'john_doe',
		'password123',
		'123e4567-e89b-12d3-a456-426655440000',
		'USA'
	),
	(
		'alice_smith',
		'abcdefg',
		'223e4567-e89b-12d3-a456-426655440001',
		'USA'
	),
	(
		'mike_jones',
		'qwerty',
		'323e4567-e89b-12d3-a456-426655440002',
		'France'
	),
	(
		'emily_wang',
		'ilovecats',
		'423e4567-e89b-12d3-a456-426655440003',
		'France'
	),
	(
		'david_brown',
		'letmein',
		'523e4567-e89b-12d3-a456-426655440004',
		'UK'
	),
	(
		'sarah_green',
		'12345678',
		'623e4567-e89b-12d3-a456-426655440005',
		'UK'
	),
	(
		'chris_evans',
		'captainamerica',
		'723e4567-e89b-12d3-a456-426655440006',
		'Japan'
	),
	(
		'lisa_kim',
		'password123',
		'823e4567-e89b-12d3-a456-426655440007',
		'Japan'
	)
;

INSERT INTO
	DUKUNGAN_PERANGKAT (nama_paket, dukungan_perangkat)
VALUES
	('Basic', 'Smartphone'),
	('Standard', 'Laptop'),
	('Standard', 'Smartphone'),
	('Standard', 'Smart TV'),
	('Premium', 'Laptop'),
	('Premium', 'Smart TV'),
	('Premium', 'Desktop'),
	('Premium', 'Smartphone')
;

INSERT INTO
    TRANSACTION (
        username,
        start_date_time,
        end_date_time,
        nama_paket,
        metode_pembayaran,
        timestamp_pembayaran
)
VALUES
    (
        'john_doe',
        '2024-04-01',
        '2024-04-30',
        'Premium',
        'Kartu Kredit',
        '2024-04-01 08:00:00'
    ),
    (
        'alice_smith',
        '2024-04-01',
        '2024-04-30',
        'Standard',
        'Transfer Bank',
        '2024-04-01 10:00:00'
    ),
    (
        'mike_jones',
        '2024-04-01',
        '2024-04-30',
        'Basic',
        'E-Wallet',
        '2024-04-01 12:00:00'
    ),
    (
        'emily_wang',
        '2024-04-01',
        '2024-04-30',
        'Premium',
        'Kartu Kredit',
        '2024-04-01 14:00:00'
    ),
    (
        'david_brown',
        '2024-04-02',
        '2024-04-30',
        'Standard',
        'Transfer Bank',
        '2024-04-02 08:00:00'
    ),
    (
        'sarah_green',
        '2024-04-02',
        '2024-04-30',
        'Basic',
        'E-Wallet',
        '2024-04-02 10:00:00'
    ),
    (
        'chris_evans',
        '2024-04-02',
        '2024-04-30',
        'Premium',
        'Kartu Kredit',
        '2024-04-02 12:00:00'
    ),
    (
        'lisa_kim',
        '2024-04-02',
        '2024-04-30',
        'Standard',
        'Transfer Bank',
        '2024-04-02 14:00:00'
    ),
    (
        'john_doe',
        '2024-04-03',
        '2024-05-01',
        'Premium',
        'E-Wallet',
        '2024-04-03 08:00:00'
    ),
    (
        'alice_smith',
        '2024-04-03',
        '2024-05-01',
        'Basic',
        'Kartu Kredit',
        '2024-04-03 10:00:00'
    ),
    (
        'mike_jones',
        '2024-04-03',
        '2024-05-01',
        'Standard',
        'Transfer Bank',
        '2024-04-03 12:00:00'
    ),
    (
        'emily_wang',
        '2024-04-03',
        '2024-05-01',
        'Premium',
        'E-Wallet',
        '2024-04-03 14:00:00'
    ),
    (
        'david_brown',
        '2024-04-04',
        '2024-05-01',
        'Basic',
        'Kartu Kredit',
        '2024-04-04 08:00:00'
    ),
    (
        'sarah_green',
        '2024-04-04',
        '2024-05-01',
        'Standard',
        'Transfer Bank',
        '2024-04-04 10:00:00'
    ),
    (
        'chris_evans',
        '2024-04-04',
        '2024-05-01',
        'Premium',
        'E-Wallet',
        '2024-04-04 12:00:00'
    ),
    (
        'lisa_kim',
        '2024-04-04',
        '2024-05-01',
        'Basic',
        'Kartu Kredit',
        '2024-04-04 14:00:00'
    ),
    (
        'john_doe',
        '2024-04-05',
        '2024-05-02',
        'Premium',
        'Transfer Bank',
        '2024-04-05 08:00:00'
    ),
    (
        'alice_smith',
        '2024-04-05',
        '2024-05-02',
        'Basic',
        'E-Wallet',
        '2024-04-05 10:00:00'
    ),
    (
        'mike_jones',
        '2024-04-05',
        '2024-05-02',
        'Standard',
        'Kartu Kredit',
        '2024-04-05 12:00:00'
    ),
    (
        'emily_wang',
        '2024-04-05',
        '2024-05-02',
        'Premium',
        'Transfer Bank',
        '2024-04-05 14:00:00'
    ),
    (
        'david_brown',
        '2024-04-06',
        '2024-05-02',
        'Basic',
        'E-Wallet',
        '2024-04-06 08:00:00'
    ),
    (
        'sarah_green',
        '2024-04-06',
        '2024-05-02',
        'Standard',
        'Kartu Kredit',
        '2024-04-06 10:00:00'
    ),
    (
        'chris_evans',
        '2024-04-06',
        '2024-05-02',
        'Premium',
        'Transfer Bank',
        '2024-04-06 12:00:00'
    ),
    (
        'lisa_kim',
        '2024-04-06',
        '2024-05-02',
        'Standard',
        'E-Wallet',
        '2024-04-06 14:00:00'
    )
;

INSERT INTO
	PENULIS_SKENARIO (id)
VALUES
	('0ac387a0-3db4-4ccd-95b5-2a8bfa90bd60'),
	('a23e4567-e89b-12d3-a456-426655440009'),
	('c23e4567-e89b-12d3-a456-426655440011'),
	('523e4567-e89b-12d3-a456-426655440004'),
	('bc3b7bd0-fce8-4d00-8194-db108c22ef9c'),
	('10801eea-1ee0-45f5-8496-837725e4e230'),
	('044fceb4-ee0f-4775-8820-94321885b2fe'),
	('61d4883c-95a0-4fb6-ad6c-e73ff69f98ab'),
	('7872d5f2-acef-4a9a-80fa-b06d743f094f'),
	('9548f4d3-8d30-4794-bf62-da40acaeb2a7'),
	('1e15b4a9-f8e5-416b-8206-569aee1b2589'),
	('d49d1fda-d7e8-4f92-b33f-eba2ba0563b8'),
	('16e551d8-41ce-4ce5-8851-a67426b0816b'),
	('e23e4567-e89b-12d3-a456-426655440013'),
	('a9d80275-3cbf-4ab2-9136-3bdca5dcd85a'),
	('690589a8-e7df-4391-b229-d226d4bde1a4'),
	('923e4567-e89b-12d3-a456-426655440008'),
	('debc6d5c-6e6e-44f7-9ea8-79172f1a2699'),
	('5835e19b-55ea-49ce-885e-9485df9cfda2'),
	('d8829fc4-0aae-467d-b1fd-1a7c6aed3829'),
	('cea36e5a-4412-4eaa-a427-ed1282d3ebf5'),
	('152cbde2-496a-4d44-a2fb-932d0d8cfba0'),
	('3623e5f2-3f50-4eab-8663-2387f1b4a348'),
	('216f4b6e-0c29-4230-949b-106709e3cb15'),
	('423e4567-e89b-12d3-a456-426655440003'),
	('ba15d869-03d6-4cd5-9e25-61e5f8d49650'),
	('8052eb5d-2c8b-462c-ac53-3077f80d66fe'),
	('f23e4567-e89b-12d3-a456-426655440014'),
	('7be6fac9-7fff-4b39-a885-e571c04656f9'),
	('9e75bd25-1fa4-4f4b-b592-de1500d6816f')
;

INSERT INTO
	PEMAIN (id)
VALUES
	('ca5ea5a0-9f56-4909-9450-80365c571fda'),
	('b23e4567-e89b-12d3-a456-426655440010'),
	('e5c1b9f7-73ef-41a2-b9ca-17c60d594334'),
	('a87b3ced-450e-4385-9f19-f9b1bd736c38'),
	('690589a8-e7df-4391-b229-d226d4bde1a4'),
	('d49d1fda-d7e8-4f92-b33f-eba2ba0563b8'),
	('a80d44b9-7908-40a0-9e98-4e296a248e0d'),
	('523e4567-e89b-12d3-a456-426655440004'),
	('9e75bd25-1fa4-4f4b-b592-de1500d6816f'),
	('d8829fc4-0aae-467d-b1fd-1a7c6aed3829'),
	('a23e4567-e89b-12d3-a456-426655440009'),
	('216f4b6e-0c29-4230-949b-106709e3cb15'),
	('5ca59993-5ae2-43a4-a991-40bc66bb2915'),
	('45d2c27d-cc26-458e-91ed-f59b80eb336e'),
	('623e4567-e89b-12d3-a456-426655440005'),
	('323e4567-e89b-12d3-a456-426655440002'),
	('16e551d8-41ce-4ce5-8851-a67426b0816b'),
	('1e15b4a9-f8e5-416b-8206-569aee1b2589'),
	('11a218d7-3958-422b-80fb-34f0d95d9ae2'),
	('152cbde2-496a-4d44-a2fb-932d0d8cfba0'),
	('a167c172-e6e7-409b-b1d4-ffd24bf69adb'),
	('7dc73827-eae9-403d-9562-ef2392a9da3f'),
	('0ac387a0-3db4-4ccd-95b5-2a8bfa90bd60'),
	('71e6bffe-af5d-4278-beb3-4d645a6a2f64'),
	('044fceb4-ee0f-4775-8820-94321885b2fe'),
	('8052eb5d-2c8b-462c-ac53-3077f80d66fe'),
	('8949a560-5437-4ba2-811e-121c9adc847d'),
	('245c7aba-8674-400c-8eae-b5f4c9ee04ab'),
	('7872d5f2-acef-4a9a-80fa-b06d743f094f'),
	('11e854af-857a-4d64-970d-338fbdddd976'),
	('38b17e4b-873a-4808-ba90-44553f3265f4'),
	('61d4883c-95a0-4fb6-ad6c-e73ff69f98ab'),
	('f23e4567-e89b-12d3-a456-426655440014'),
	('80b1a36f-9955-487c-a7cd-4f9033809ce4'),
	('3623e5f2-3f50-4eab-8663-2387f1b4a348'),
	('8cbed6fc-7305-429f-b4f7-4741be1ac476'),
	('debc6d5c-6e6e-44f7-9ea8-79172f1a2699'),
	('323b5fe6-872d-4d42-aa2e-f8d132230c41'),
	('723e4567-e89b-12d3-a456-426655440006'),
	('5835e19b-55ea-49ce-885e-9485df9cfda2')
;

INSERT INTO
	MEMAINKAN_TAYANGAN (id_tayangan, id_pemain)
VALUES
	(
		'123e4567-e89b-12d3-a456-426655440000',
		'623e4567-e89b-12d3-a456-426655440005'
	),
	(
		'123e4567-e89b-12d3-a456-426655440000',
		'61d4883c-95a0-4fb6-ad6c-e73ff69f98ab'
	),
	(
		'e23e4567-e89b-12d3-a456-426655440013',
		'45d2c27d-cc26-458e-91ed-f59b80eb336e'
	),
	(
		'd23e4567-e89b-12d3-a456-426655440012',
		'8949a560-5437-4ba2-811e-121c9adc847d'
	),
	(
		'823e4567-e89b-12d3-a456-426655440007',
		'71e6bffe-af5d-4278-beb3-4d645a6a2f64'
	),
	(
		'223e4567-e89b-12d3-a456-426655440001',
		'71e6bffe-af5d-4278-beb3-4d645a6a2f64'
	),
	(
		'823e4567-e89b-12d3-a456-426655440007',
		'152cbde2-496a-4d44-a2fb-932d0d8cfba0'
	),
	(
		'e23e4567-e89b-12d3-a456-426655440013',
		'0ac387a0-3db4-4ccd-95b5-2a8bfa90bd60'
	),
	(
		'b23e4567-e89b-12d3-a456-426655440010',
		'044fceb4-ee0f-4775-8820-94321885b2fe'
	),
	(
		'323e4567-e89b-12d3-a456-426655440002',
		'f23e4567-e89b-12d3-a456-426655440014'
	),
	(
		'123e4567-e89b-12d3-a456-426655440000',
		'8cbed6fc-7305-429f-b4f7-4741be1ac476'
	),
	(
		'723e4567-e89b-12d3-a456-426655440006',
		'152cbde2-496a-4d44-a2fb-932d0d8cfba0'
	),
	(
		'c23e4567-e89b-12d3-a456-426655440011',
		'7dc73827-eae9-403d-9562-ef2392a9da3f'
	),
	(
		'823e4567-e89b-12d3-a456-426655440007',
		'a23e4567-e89b-12d3-a456-426655440009'
	),
	(
		'223e4567-e89b-12d3-a456-426655440001',
		'61d4883c-95a0-4fb6-ad6c-e73ff69f98ab'
	),
	(
		'423e4567-e89b-12d3-a456-426655440003',
		'11e854af-857a-4d64-970d-338fbdddd976'
	),
	(
		'423e4567-e89b-12d3-a456-426655440003',
		'd8829fc4-0aae-467d-b1fd-1a7c6aed3829'
	),
	(
		'f23e4567-e89b-12d3-a456-426655440014',
		'623e4567-e89b-12d3-a456-426655440005'
	),
	(
		'223e4567-e89b-12d3-a456-426655440001',
		'debc6d5c-6e6e-44f7-9ea8-79172f1a2699'
	),
	(
		'623e4567-e89b-12d3-a456-426655440005',
		'e5c1b9f7-73ef-41a2-b9ca-17c60d594334'
	),
	(
		'e23e4567-e89b-12d3-a456-426655440013',
		'a167c172-e6e7-409b-b1d4-ffd24bf69adb'
	),
	(
		'723e4567-e89b-12d3-a456-426655440006',
		'323b5fe6-872d-4d42-aa2e-f8d132230c41'
	),
	(
		'723e4567-e89b-12d3-a456-426655440006',
		'044fceb4-ee0f-4775-8820-94321885b2fe'
	),
	(
		'423e4567-e89b-12d3-a456-426655440003',
		'8052eb5d-2c8b-462c-ac53-3077f80d66fe'
	),
	(
		'123e4567-e89b-12d3-a456-426655440000',
		'a23e4567-e89b-12d3-a456-426655440009'
	),
	(
		'623e4567-e89b-12d3-a456-426655440005',
		'044fceb4-ee0f-4775-8820-94321885b2fe'
	),
	(
		'c23e4567-e89b-12d3-a456-426655440011',
		'044fceb4-ee0f-4775-8820-94321885b2fe'
	),
	(
		'823e4567-e89b-12d3-a456-426655440007',
		'523e4567-e89b-12d3-a456-426655440004'
	),
	(
		'e23e4567-e89b-12d3-a456-426655440013',
		'690589a8-e7df-4391-b229-d226d4bde1a4'
	),
	(
		'623e4567-e89b-12d3-a456-426655440005',
		'11e854af-857a-4d64-970d-338fbdddd976'
	),
	(
		'523e4567-e89b-12d3-a456-426655440004',
		'044fceb4-ee0f-4775-8820-94321885b2fe'
	),
	(
		'b23e4567-e89b-12d3-a456-426655440010',
		'323b5fe6-872d-4d42-aa2e-f8d132230c41'
	),
	(
		'e23e4567-e89b-12d3-a456-426655440013',
		'523e4567-e89b-12d3-a456-426655440004'
	),
	(
		'823e4567-e89b-12d3-a456-426655440007',
		'7dc73827-eae9-403d-9562-ef2392a9da3f'
	),
	(
		'923e4567-e89b-12d3-a456-426655440008',
		'323b5fe6-872d-4d42-aa2e-f8d132230c41'
	),
	(
		'923e4567-e89b-12d3-a456-426655440008',
		'38b17e4b-873a-4808-ba90-44553f3265f4'
	),
	(
		'e23e4567-e89b-12d3-a456-426655440013',
		'a80d44b9-7908-40a0-9e98-4e296a248e0d'
	),
	(
		'a23e4567-e89b-12d3-a456-426655440009',
		'3623e5f2-3f50-4eab-8663-2387f1b4a348'
	),
	(
		'623e4567-e89b-12d3-a456-426655440005',
		'61d4883c-95a0-4fb6-ad6c-e73ff69f98ab'
	),
	(
		'323e4567-e89b-12d3-a456-426655440002',
		'523e4567-e89b-12d3-a456-426655440004'
	),
	(
		'f23e4567-e89b-12d3-a456-426655440014',
		'd49d1fda-d7e8-4f92-b33f-eba2ba0563b8'
	),
	(
		'd23e4567-e89b-12d3-a456-426655440012',
		'11a218d7-3958-422b-80fb-34f0d95d9ae2'
	),
	(
		'e23e4567-e89b-12d3-a456-426655440013',
		'71e6bffe-af5d-4278-beb3-4d645a6a2f64'
	),
	(
		'c23e4567-e89b-12d3-a456-426655440011',
		'245c7aba-8674-400c-8eae-b5f4c9ee04ab'
	),
	(
		'123e4567-e89b-12d3-a456-426655440000',
		'7872d5f2-acef-4a9a-80fa-b06d743f094f'
	),
	(
		'123e4567-e89b-12d3-a456-426655440000',
		'11e854af-857a-4d64-970d-338fbdddd976'
	),
	(
		'123e4567-e89b-12d3-a456-426655440000',
		'5835e19b-55ea-49ce-885e-9485df9cfda2'
	),
	(
		'b23e4567-e89b-12d3-a456-426655440010',
		'216f4b6e-0c29-4230-949b-106709e3cb15'
	),
	(
		'c23e4567-e89b-12d3-a456-426655440011',
		'1e15b4a9-f8e5-416b-8206-569aee1b2589'
	),
	(
		'923e4567-e89b-12d3-a456-426655440008',
		'16e551d8-41ce-4ce5-8851-a67426b0816b'
	)
;

INSERT INTO
	MENULIS_SKENARIO_TAYANGAN (id_tayangan, id_penulis_skenario)
VALUES
	(
		'd23e4567-e89b-12d3-a456-426655440012',
		'0ac387a0-3db4-4ccd-95b5-2a8bfa90bd60'
	),
	(
		'e23e4567-e89b-12d3-a456-426655440013',
		'a23e4567-e89b-12d3-a456-426655440009'
	),
	(
		'523e4567-e89b-12d3-a456-426655440004',
		'c23e4567-e89b-12d3-a456-426655440011'
	),
	(
		'd23e4567-e89b-12d3-a456-426655440012',
		'523e4567-e89b-12d3-a456-426655440004'
	),
	(
		'523e4567-e89b-12d3-a456-426655440004',
		'bc3b7bd0-fce8-4d00-8194-db108c22ef9c'
	),
	(
		'223e4567-e89b-12d3-a456-426655440001',
		'10801eea-1ee0-45f5-8496-837725e4e230'
	),
	(
		'623e4567-e89b-12d3-a456-426655440005',
		'044fceb4-ee0f-4775-8820-94321885b2fe'
	),
	(
		'a23e4567-e89b-12d3-a456-426655440009',
		'61d4883c-95a0-4fb6-ad6c-e73ff69f98ab'
	),
	(
		'f23e4567-e89b-12d3-a456-426655440014',
		'a23e4567-e89b-12d3-a456-426655440009'
	),
	(
		'623e4567-e89b-12d3-a456-426655440005',
		'423e4567-e89b-12d3-a456-426655440003'
	),
	(
		'123e4567-e89b-12d3-a456-426655440000',
		'0ac387a0-3db4-4ccd-95b5-2a8bfa90bd60'
	),
	(
		'e23e4567-e89b-12d3-a456-426655440013',
		'7872d5f2-acef-4a9a-80fa-b06d743f094f'
	),
	(
		'd23e4567-e89b-12d3-a456-426655440012',
		'a23e4567-e89b-12d3-a456-426655440009'
	),
	(
		'223e4567-e89b-12d3-a456-426655440001',
		'9e75bd25-1fa4-4f4b-b592-de1500d6816f'
	),
	(
		'123e4567-e89b-12d3-a456-426655440000',
		'152cbde2-496a-4d44-a2fb-932d0d8cfba0'
	),
	(
		'923e4567-e89b-12d3-a456-426655440008',
		'a9d80275-3cbf-4ab2-9136-3bdca5dcd85a'
	),
	(
		'd23e4567-e89b-12d3-a456-426655440012',
		'9e75bd25-1fa4-4f4b-b592-de1500d6816f'
	),
	(
		'523e4567-e89b-12d3-a456-426655440004',
		'a23e4567-e89b-12d3-a456-426655440009'
	),
	(
		'd23e4567-e89b-12d3-a456-426655440012',
		'e23e4567-e89b-12d3-a456-426655440013'
	),
	(
		'423e4567-e89b-12d3-a456-426655440003',
		'a9d80275-3cbf-4ab2-9136-3bdca5dcd85a'
	),
	(
		'823e4567-e89b-12d3-a456-426655440007',
		'cea36e5a-4412-4eaa-a427-ed1282d3ebf5'
	),
	(
		'623e4567-e89b-12d3-a456-426655440005',
		'd49d1fda-d7e8-4f92-b33f-eba2ba0563b8'
	),
	(
		'923e4567-e89b-12d3-a456-426655440008',
		'7872d5f2-acef-4a9a-80fa-b06d743f094f'
	),
	(
		'623e4567-e89b-12d3-a456-426655440005',
		'9e75bd25-1fa4-4f4b-b592-de1500d6816f'
	),
	(
		'c23e4567-e89b-12d3-a456-426655440011',
		'c23e4567-e89b-12d3-a456-426655440011'
	),
	(
		'b23e4567-e89b-12d3-a456-426655440010',
		'7872d5f2-acef-4a9a-80fa-b06d743f094f'
	),
	(
		'c23e4567-e89b-12d3-a456-426655440011',
		'423e4567-e89b-12d3-a456-426655440003'
	),
	(
		'323e4567-e89b-12d3-a456-426655440002',
		'7872d5f2-acef-4a9a-80fa-b06d743f094f'
	),
	(
		'823e4567-e89b-12d3-a456-426655440007',
		'd8829fc4-0aae-467d-b1fd-1a7c6aed3829'
	),
	(
		'c23e4567-e89b-12d3-a456-426655440011',
		'152cbde2-496a-4d44-a2fb-932d0d8cfba0'
	),
	(
		'123e4567-e89b-12d3-a456-426655440000',
		'f23e4567-e89b-12d3-a456-426655440014'
	),
	(
		'423e4567-e89b-12d3-a456-426655440003',
		'10801eea-1ee0-45f5-8496-837725e4e230'
	),
	(
		'823e4567-e89b-12d3-a456-426655440007',
		'9548f4d3-8d30-4794-bf62-da40acaeb2a7'
	),
	(
		'e23e4567-e89b-12d3-a456-426655440013',
		'152cbde2-496a-4d44-a2fb-932d0d8cfba0'
	),
	(
		'd23e4567-e89b-12d3-a456-426655440012',
		'ba15d869-03d6-4cd5-9e25-61e5f8d49650'
	)
;

INSERT INTO
	PERSETUJUAN (
		nama,
		id_tayangan,
		tanggal_persetujuan,
		durasi,
		biaya,
		tanggal_mulai_penayangan
	)
VALUES
	(
		'ABC Productions',
		'123e4567-e89b-12d3-a456-426655440000',
		'2023-04-21',
		90,
		100,
		'2023-05-01'
	),
	(
		'XYZ Films',
		'223e4567-e89b-12d3-a456-426655440001',
		'2023-04-19',
		100,
		200,
		'2023-05-10'
	),
	(
		'DreamWorks Studios',
		'323e4567-e89b-12d3-a456-426655440002',
		'2023-04-17',
		110,
		250,
		'2023-05-15'
	),
	(
		'Golden Globe Pictures',
		'423e4567-e89b-12d3-a456-426655440003',
		'2023-04-15',
		120,
		150,
		'2023-05-20'
	),
	(
		'Silver Screen Entertainment',
		'523e4567-e89b-12d3-a456-426655440004',
		'2023-04-13',
		130,
		210,
		'2023-05-25'
	),
	(
		'Starlight Studios',
		'623e4567-e89b-12d3-a456-426655440005',
		'2023-04-11',
		140,
		240,
		'2023-05-30'
	),
	(
		'Redwood Productions',
		'723e4567-e89b-12d3-a456-426655440006',
		'2023-04-09',
		150,
		230,
		'2023-06-01'
	),
	(
		'Blue Sky Films',
		'823e4567-e89b-12d3-a456-426655440007',
		'2023-04-07',
		160,
		130,
		'2023-06-05'
	),
	(
		'Sunset Studios',
		'923e4567-e89b-12d3-a456-426655440008',
		'2023-04-05',
		170,
		120,
		'2023-06-10'
	),
	(
		'Moonlight Pictures',
		'a23e4567-e89b-12d3-a456-426655440009',
		'2023-04-03',
		180,
		200,
		'2023-06-15'
	),
	(
		'Evergreen Entertainment',
		'b23e4567-e89b-12d3-a456-426655440010',
		'2023-04-01',
		90,
		250,
		'2023-06-20'
	),
	(
		'Pacific Motion Pictures',
		'c23e4567-e89b-12d3-a456-426655440011',
		'2023-03-30',
		100,
		340,
		'2023-06-25'
	),
	(
		'Mountainview Studios',
		'd23e4567-e89b-12d3-a456-426655440012',
		'2023-03-28',
		110,
		320,
		'2023-06-30'
	),
	(
		'Oceanic Films',
		'e23e4567-e89b-12d3-a456-426655440013',
		'2023-03-26',
		120,
		300,
		'2023-07-01'
	),
	(
		'Greenwood Productions',
		'f23e4567-e89b-12d3-a456-426655440014',
		'2023-03-24',
		130,
		230,
		'2023-07-05'
	),
	(
		'ABC Productions',
		'123e4567-e89b-12d3-a456-426655440000',
		'2023-03-22',
		140,
		270,
		'2023-07-10'
	),
	(
		'XYZ Films',
		'223e4567-e89b-12d3-a456-426655440001',
		'2023-03-20',
		150,
		280,
		'2023-07-15'
	),
	(
		'DreamWorks Studios',
		'323e4567-e89b-12d3-a456-426655440002',
		'2023-03-18',
		160,
		210,
		'2023-07-20'
	),
	(
		'Golden Globe Pictures',
		'423e4567-e89b-12d3-a456-426655440003',
		'2023-03-16',
		170,
		100,
		'2023-07-25'
	),
	(
		'Silver Screen Entertainment',
		'523e4567-e89b-12d3-a456-426655440004',
		'2023-03-14',
		180,
		300,
		'2023-07-30'
	)
;

INSERT INTO
	SERIES (id_tayangan)
VALUES
	('623e4567-e89b-12d3-a456-426655440005'),
	('523e4567-e89b-12d3-a456-426655440004'),
	('d23e4567-e89b-12d3-a456-426655440012'),
	('423e4567-e89b-12d3-a456-426655440003'),
	('b23e4567-e89b-12d3-a456-426655440010')
;

INSERT INTO
	FILM (
		id_tayangan,
		url_video_film,
		release_date_film,
		durasi_film
	)
VALUES
	(
		'123e4567-e89b-12d3-a456-426655440000',
		'https://example.com/123e4567-e89b-12d3-a456-426655440000/video',
		'2023-03-27',
		133
	),
	(
		'223e4567-e89b-12d3-a456-426655440001',
		'https://example.com/223e4567-e89b-12d3-a456-426655440001/video',
		'2023-10-26',
		103
	),
	(
		'323e4567-e89b-12d3-a456-426655440002',
		'https://example.com/323e4567-e89b-12d3-a456-426655440002/video',
		'2024-04-08',
		128
	),
	(
		'723e4567-e89b-12d3-a456-426655440006',
		'https://example.com/723e4567-e89b-12d3-a456-426655440006/video',
		'2019-10-06',
		143
	),
	(
		'823e4567-e89b-12d3-a456-426655440007',
		'https://example.com/823e4567-e89b-12d3-a456-426655440007/video',
		'2021-07-29',
		82
	),
	(
		'923e4567-e89b-12d3-a456-426655440008',
		'https://example.com/923e4567-e89b-12d3-a456-426655440008/video',
		'2023-04-20',
		86
	),
	(
		'a23e4567-e89b-12d3-a456-426655440009',
		'https://example.com/a23e4567-e89b-12d3-a456-426655440009/video',
		'2022-11-01',
		148
	),
	(
		'c23e4567-e89b-12d3-a456-426655440011',
		'https://example.com/c23e4567-e89b-12d3-a456-426655440011/video',
		'2021-12-21',
		86
	),
	(
		'e23e4567-e89b-12d3-a456-426655440013',
		'https://example.com/e23e4567-e89b-12d3-a456-426655440013/video',
		'2022-12-06',
		171
	),
	(
		'f23e4567-e89b-12d3-a456-426655440014',
		'https://example.com/f23e4567-e89b-12d3-a456-426655440014/video',
		'2021-02-17',
		109
	)
;

INSERT INTO
	EPISODE (
		id_series,
		sub_judul,
		sinopsis,
		durasi,
		url_video,
		release_date
	)
VALUES
	(
		'623e4567-e89b-12d3-a456-426655440005',
		'Episode 1',
		'Sinopsis of episode',
		23,
		'https://example.com/623e4567-e89b-12d3-a456-426655440005/episode-1/video',
		'2023-10-25'
	),
	(
		'623e4567-e89b-12d3-a456-426655440005',
		'Episode 2',
		'Sinopsis of episode',
		48,
		'https://example.com/623e4567-e89b-12d3-a456-426655440005/episode-2/video',
		'2023-08-15'
	),
	(
		'623e4567-e89b-12d3-a456-426655440005',
		'Episode 3',
		'Sinopsis of episode',
		45,
		'https://example.com/623e4567-e89b-12d3-a456-426655440005/episode-3/video',
		'2024-01-25'
	),
	(
		'623e4567-e89b-12d3-a456-426655440005',
		'Episode 4',
		'Sinopsis of episode',
		46,
		'https://example.com/623e4567-e89b-12d3-a456-426655440005/episode-4/video',
		'2023-08-06'
	),
	(
		'623e4567-e89b-12d3-a456-426655440005',
		'Episode 5',
		'Sinopsis of episode',
		21,
		'https://example.com/623e4567-e89b-12d3-a456-426655440005/episode-5/video',
		'2023-08-07'
	),
	(
		'623e4567-e89b-12d3-a456-426655440005',
		'Episode 6',
		'Sinopsis of episode',
		36,
		'https://example.com/623e4567-e89b-12d3-a456-426655440005/episode-6/video',
		'2024-04-05'
	),
	(
		'623e4567-e89b-12d3-a456-426655440005',
		'Episode 7',
		'Sinopsis of episode',
		41,
		'https://example.com/623e4567-e89b-12d3-a456-426655440005/episode-7/video',
		'2023-07-12'
	),
	(
		'623e4567-e89b-12d3-a456-426655440005',
		'Episode 8',
		'Sinopsis of episode',
		22,
		'https://example.com/623e4567-e89b-12d3-a456-426655440005/episode-8/video',
		'2024-01-05'
	),
	(
		'623e4567-e89b-12d3-a456-426655440005',
		'Episode 9',
		'Sinopsis of episode',
		29,
		'https://example.com/623e4567-e89b-12d3-a456-426655440005/episode-9/video',
		'2024-03-09'
	),
	(
		'623e4567-e89b-12d3-a456-426655440005',
		'Episode 10',
		'Sinopsis of episode',
		20,
		'https://example.com/623e4567-e89b-12d3-a456-426655440005/episode-10/video',
		'2023-09-23'
	),
	(
		'623e4567-e89b-12d3-a456-426655440005',
		'Episode 11',
		'Sinopsis of episode',
		26,
		'https://example.com/623e4567-e89b-12d3-a456-426655440005/episode-11/video',
		'2024-03-12'
	),
	(
		'623e4567-e89b-12d3-a456-426655440005',
		'Episode 12',
		'Sinopsis of episode',
		28,
		'https://example.com/623e4567-e89b-12d3-a456-426655440005/episode-12/video',
		'2024-04-13'
	)
;

INSERT INTO
	ULASAN (
		id_tayangan,
		username,
		TIMESTAMP,
		rating,
		deskripsi
	)
VALUES
	(
		'123e4567-e89b-12d3-a456-426655440000',
		'john_doe',
		'2023-05-31 17:49:48.021286',
		1,
		'Dummy review description'
	),
	(
		'223e4567-e89b-12d3-a456-426655440001',
		'alice_smith',
		'2023-07-13 17:49:48.021286',
		2,
		'Dummy review description'
	),
	(
		'323e4567-e89b-12d3-a456-426655440002',
		'mike_jones',
		'2023-07-10 17:49:48.021286',
		5,
		'Dummy review description'
	),
	(
		'423e4567-e89b-12d3-a456-426655440003',
		'emily_wang',
		'2024-01-30 17:49:48.021286',
		5,
		'Dummy review description'
	),
	(
		'523e4567-e89b-12d3-a456-426655440004',
		'david_brown',
		'2023-07-06 17:49:48.021286',
		1,
		'Dummy review description'
	),
	(
		'623e4567-e89b-12d3-a456-426655440005',
		'sarah_green',
		'2024-03-01 17:49:48.021286',
		2,
		'Dummy review description'
	),
	(
		'723e4567-e89b-12d3-a456-426655440006',
		'chris_evans',
		'2024-02-18 17:49:48.021286',
		2,
		'Dummy review description'
	),
	(
		'823e4567-e89b-12d3-a456-426655440007',
		'lisa_kim',
		'2023-11-14 17:49:48.021286',
		5,
		'Dummy review description'
	),
	(
		'923e4567-e89b-12d3-a456-426655440008',
		'john_doe',
		'2024-01-31 17:49:48.021286',
		4,
		'Dummy review description'
	),
	(
		'a23e4567-e89b-12d3-a456-426655440009',
		'alice_smith',
		'2024-01-23 17:49:48.021286',
		5,
		'Dummy review description'
	),
	(
		'b23e4567-e89b-12d3-a456-426655440010',
		'mike_jones',
		'2024-01-22 17:49:48.021286',
		5,
		'Dummy review description'
	),
	(
		'c23e4567-e89b-12d3-a456-426655440011',
		'emily_wang',
		'2023-11-25 17:49:48.021286',
		2,
		'Dummy review description'
	),
	(
		'd23e4567-e89b-12d3-a456-426655440012',
		'david_brown',
		'2023-12-01 17:49:48.021286',
		3,
		'Dummy review description'
	),
	(
		'e23e4567-e89b-12d3-a456-426655440013',
		'sarah_green',
		'2023-06-05 17:49:48.021286',
		3,
		'Dummy review description'
	),
	(
		'f23e4567-e89b-12d3-a456-426655440014',
		'chris_evans',
		'2024-02-04 17:49:48.021286',
		5,
		'Dummy review description'
	),
	(
		'123e4567-e89b-12d3-a456-426655440000',
		'lisa_kim',
		'2024-02-03 17:49:48.021286',
		2,
		'Dummy review description'
	)
;

INSERT INTO
	DAFTAR_FAVORIT (TIMESTAMP, username, judul)
VALUES
	('2024-04-01 10:00:00', 'john_doe', 'Favorite 1'),
	(
		'2024-04-02 11:00:00',
		'alice_smith',
		'Favorite 2'
	),
	('2024-04-03 12:00:00', 'mike_jones', 'Favorite 3'),
	('2024-04-04 13:00:00', 'emily_wang', 'Favorite 4'),
	(
		'2024-04-05 14:00:00',
		'david_brown',
		'Favorite 5'
	),
	(
		'2024-04-06 15:00:00',
		'sarah_green',
		'Favorite 6'
	),
	(
		'2024-04-07 16:00:00',
		'chris_evans',
		'Favorite 7'
	),
	('2024-04-08 17:00:00', 'lisa_kim', 'Favorite 8'),
	('2024-04-09 18:00:00', 'john_doe', 'Favorite 9'),
	(
		'2024-04-10 19:00:00',
		'alice_smith',
		'Favorite 10'
	),
	(
		'2024-04-11 20:00:00',
		'mike_jones',
		'Favorite 11'
	),
	(
		'2024-04-12 21:00:00',
		'emily_wang',
		'Favorite 12'
	),
	(
		'2024-04-13 22:00:00',
		'david_brown',
		'Favorite 13'
	),
	(
		'2024-04-14 23:00:00',
		'sarah_green',
		'Favorite 14'
	),
	(
		'2024-04-15 00:00:00',
		'chris_evans',
		'Favorite 15'
	),
	('2024-04-16 01:00:00', 'lisa_kim', 'Favorite 16')
;

INSERT INTO
	TAYANGAN_MEMILIKI_DAFTAR_FAVORIT (id_tayangan, TIMESTAMP, username)
VALUES
	(
		'123e4567-e89b-12d3-a456-426655440000',
		'2024-04-01 10:00:00',
		'john_doe'
	),
	(
		'223e4567-e89b-12d3-a456-426655440001',
		'2024-04-02 11:00:00',
		'alice_smith'
	),
	(
		'323e4567-e89b-12d3-a456-426655440002',
		'2024-04-03 12:00:00',
		'mike_jones'
	),
	(
		'423e4567-e89b-12d3-a456-426655440003',
		'2024-04-04 13:00:00',
		'emily_wang'
	),
	(
		'523e4567-e89b-12d3-a456-426655440004',
		'2024-04-05 14:00:00',
		'david_brown'
	),
	(
		'623e4567-e89b-12d3-a456-426655440005',
		'2024-04-06 15:00:00',
		'sarah_green'
	),
	(
		'723e4567-e89b-12d3-a456-426655440006',
		'2024-04-07 16:00:00',
		'chris_evans'
	),
	(
		'823e4567-e89b-12d3-a456-426655440007',
		'2024-04-08 17:00:00',
		'lisa_kim'
	),
	(
		'923e4567-e89b-12d3-a456-426655440008',
		'2024-04-09 18:00:00',
		'john_doe'
	),
	(
		'a23e4567-e89b-12d3-a456-426655440009',
		'2024-04-10 19:00:00',
		'alice_smith'
	),
	(
		'b23e4567-e89b-12d3-a456-426655440010',
		'2024-04-11 20:00:00',
		'mike_jones'
	),
	(
		'c23e4567-e89b-12d3-a456-426655440011',
		'2024-04-12 21:00:00',
		'emily_wang'
	),
	(
		'd23e4567-e89b-12d3-a456-426655440012',
		'2024-04-13 22:00:00',
		'david_brown'
	),
	(
		'e23e4567-e89b-12d3-a456-426655440013',
		'2024-04-14 23:00:00',
		'sarah_green'
	),
	(
		'f23e4567-e89b-12d3-a456-426655440014',
		'2024-04-15 00:00:00',
		'chris_evans'
	),
	(
		'123e4567-e89b-12d3-a456-426655440000',
		'2024-04-16 01:00:00',
		'lisa_kim'
	)
;

INSERT INTO
	RIWAYAT_NONTON (
		id_tayangan,
		username,
		start_date_time,
		end_date_time
	)
VALUES
	(
		'123e4567-e89b-12d3-a456-426655440000',
		'john_doe',
		'2024-04-01 10:00:00',
		'2024-04-01 11:30:00'
	),
	(
		'223e4567-e89b-12d3-a456-426655440001',
		'alice_smith',
		'2024-04-02 11:00:00',
		'2024-04-02 12:45:00'
	),
	(
		'323e4567-e89b-12d3-a456-426655440002',
		'mike_jones',
		'2024-04-03 12:00:00',
		'2024-04-03 14:00:00'
	),
	(
		'423e4567-e89b-12d3-a456-426655440003',
		'emily_wang',
		'2024-04-04 13:00:00',
		'2024-04-04 15:20:00'
	),
	(
		'523e4567-e89b-12d3-a456-426655440004',
		'david_brown',
		'2024-04-05 14:00:00',
		'2024-04-05 16:40:00'
	),
	(
		'623e4567-e89b-12d3-a456-426655440005',
		'sarah_green',
		'2024-04-06 15:00:00',
		'2024-04-06 17:10:00'
	),
	(
		'723e4567-e89b-12d3-a456-426655440006',
		'chris_evans',
		'2024-04-07 16:00:00',
		'2024-04-07 18:30:00'
	),
	(
		'823e4567-e89b-12d3-a456-426655440007',
		'lisa_kim',
		'2024-04-08 17:00:00',
		'2024-04-08 19:20:00'
	),
	(
		'923e4567-e89b-12d3-a456-426655440008',
		'john_doe',
		'2024-04-09 18:00:00',
		'2024-04-09 20:15:00'
	),
	(
		'a23e4567-e89b-12d3-a456-426655440009',
		'alice_smith',
		'2024-04-10 19:00:00',
		'2024-04-10 21:00:00'
	),
	(
		'b23e4567-e89b-12d3-a456-426655440010',
		'mike_jones',
		'2024-04-11 20:00:00',
		'2024-04-11 22:30:00'
	),
	(
		'c23e4567-e89b-12d3-a456-426655440011',
		'emily_wang',
		'2024-04-12 21:00:00',
		'2024-04-12 23:45:00'
	),
	(
		'd23e4567-e89b-12d3-a456-426655440012',
		'david_brown',
		'2024-04-13 22:00:00',
		'2024-04-13 23:59:00'
	),
	(
		'e23e4567-e89b-12d3-a456-426655440013',
		'sarah_green',
		'2024-04-14 23:00:00',
		'2024-04-15 01:20:00'
	),
	(
		'f23e4567-e89b-12d3-a456-426655440014',
		'chris_evans',
		'2024-04-15 00:00:00',
		'2024-04-15 02:10:00'
	),
	(
		'123e4567-e89b-12d3-a456-426655440000',
		'lisa_kim',
		'2024-04-16 01:00:00',
		'2024-04-16 03:25:00'
	),
	(
		'223e4567-e89b-12d3-a456-426655440001',
		'john_doe',
		'2024-04-17 02:00:00',
		'2024-04-17 04:30:00'
	),
	(
		'323e4567-e89b-12d3-a456-426655440002',
		'alice_smith',
		'2024-04-18 03:00:00',
		'2024-04-18 05:20:00'
	),
	(
		'423e4567-e89b-12d3-a456-426655440003',
		'mike_jones',
		'2024-04-19 04:00:00',
		'2024-04-19 06:10:00'
	),
	(
		'523e4567-e89b-12d3-a456-426655440004',
		'emily_wang',
		'2024-04-20 05:00:00',
		'2024-04-20 07:45:00'
	),
	(
		'623e4567-e89b-12d3-a456-426655440005',
		'david_brown',
		'2024-04-21 06:00:00',
		'2024-04-21 09:00:00'
	),
	(
		'723e4567-e89b-12d3-a456-426655440006',
		'sarah_green',
		'2024-04-22 07:00:00',
		'2024-04-22 10:20:00'
	),
	(
		'823e4567-e89b-12d3-a456-426655440007',
		'chris_evans',
		'2024-04-23 08:00:00',
		'2024-04-23 11:00:00'
	),
	(
		'923e4567-e89b-12d3-a456-426655440008',
		'lisa_kim',
		'2024-04-24 09:00:00',
		'2024-04-24 12:30:00'
	)
;

INSERT INTO
	TAYANGAN_TERUNDUH (id_tayangan, username, TIMESTAMP)
VALUES
	(
		'123e4567-e89b-12d3-a456-426655440000',
		'john_doe',
		'2024-05-01 08:30:00'
	),
	(
		'123e4567-e89b-12d3-a456-426655440000',
		'alice_smith',
		'2024-05-01 09:45:00'
	),
	(
		'123e4567-e89b-12d3-a456-426655440000',
		'mike_jones',
		'2024-05-01 10:20:00'
	),
	(
		'123e4567-e89b-12d3-a456-426655440000',
		'emily_wang',
		'2024-05-01 11:55:00'
	),
	(
		'223e4567-e89b-12d3-a456-426655440001',
		'david_brown',
		'2024-05-02 08:30:00'
	),
	(
		'223e4567-e89b-12d3-a456-426655440001',
		'sarah_green',
		'2024-05-02 09:45:00'
	),
	(
		'223e4567-e89b-12d3-a456-426655440001',
		'chris_evans',
		'2024-05-02 10:20:00'
	),
	(
		'223e4567-e89b-12d3-a456-426655440001',
		'lisa_kim',
		'2024-05-02 11:55:00'
	),
	(
		'323e4567-e89b-12d3-a456-426655440002',
		'john_doe',
		'2024-05-03 08:30:00'
	),
	(
		'323e4567-e89b-12d3-a456-426655440002',
		'alice_smith',
		'2024-05-03 09:45:00'
	),
	(
		'323e4567-e89b-12d3-a456-426655440002',
		'mike_jones',
		'2024-05-03 10:20:00'
	),
	(
		'323e4567-e89b-12d3-a456-426655440002',
		'emily_wang',
		'2024-05-03 11:55:00'
	),
	(
		'423e4567-e89b-12d3-a456-426655440003',
		'david_brown',
		'2024-05-04 08:30:00'
	),
	(
		'423e4567-e89b-12d3-a456-426655440003',
		'sarah_green',
		'2024-05-04 09:45:00'
	),
	(
		'423e4567-e89b-12d3-a456-426655440003',
		'chris_evans',
		'2024-05-04 10:20:00'
	),
	(
		'423e4567-e89b-12d3-a456-426655440003',
		'lisa_kim',
		'2024-05-04 11:55:00'
	),
	(
		'523e4567-e89b-12d3-a456-426655440004',
		'john_doe',
		'2024-05-05 08:30:00'
	),
	(
		'523e4567-e89b-12d3-a456-426655440004',
		'alice_smith',
		'2024-05-05 09:45:00'
	),
	(
		'523e4567-e89b-12d3-a456-426655440004',
		'mike_jones',
		'2024-05-05 10:20:00'
	),
	(
		'523e4567-e89b-12d3-a456-426655440004',
		'emily_wang',
		'2024-05-05 11:55:00'
	),
	(
		'623e4567-e89b-12d3-a456-426655440005',
		'david_brown',
		'2024-05-06 08:30:00'
	),
	(
		'623e4567-e89b-12d3-a456-426655440005',
		'sarah_green',
		'2024-05-06 09:45:00'
	),
	(
		'623e4567-e89b-12d3-a456-426655440005',
		'chris_evans',
		'2024-05-06 10:20:00'
	),
	(
		'623e4567-e89b-12d3-a456-426655440005',
		'lisa_kim',
		'2024-05-06 11:55:00'
	),
	(
		'723e4567-e89b-12d3-a456-426655440006',
		'john_doe',
		'2024-05-07 08:30:00'
	),
	(
		'723e4567-e89b-12d3-a456-426655440006',
		'alice_smith',
		'2024-05-07 09:45:00'
	),
	(
		'723e4567-e89b-12d3-a456-426655440006',
		'mike_jones',
		'2024-05-07 10:20:00'
	),
	(
		'723e4567-e89b-12d3-a456-426655440006',
		'emily_wang',
		'2024-05-07 11:55:00'
	),
	(
		'823e4567-e89b-12d3-a456-426655440007',
		'david_brown',
		'2024-05-08 08:30:00'
	),
	(
		'823e4567-e89b-12d3-a456-426655440007',
		'sarah_green',
		'2024-05-08 09:45:00'
	)
;